100,100,0,0,0,6.66667,3.33333,100,100,7.73196,100,100,3.35052,8.76289,1.80412,0.257732,2.31959,100,100,100,
100,100,0,10,6.66667,6.66667,0,100,100,29.4118,100,100,5.88235,5.88235,6.86275,4.90196,0.980392,100,100,100,
100,100,0,0,3.33333,3.33333,3.33333,100,100,1.46843,100,100,2.54528,4.99266,5.72687,6.90162,2.0558,100,100,100,
100,100,3.33333,0,6.66667,3.33333,3.33333,100,100,1.48883,100,100,1.93548,2.18362,7.24566,7.04715,0.595533,100,100,100,
100,100,0,13.3333,0,3.33333,13.3333,100,100,8.28729,100,100,2.48619,2.48619,3.59116,0,3.8674,100,100,100,
100,100,0,10,0,3.33333,10,100,100,7.19424,100,100,2.63789,2.8777,2.63789,0,5.27578,100,100,100,
100,100,0,13.3333,0,3.33333,13.3333,100,100,7.67263,100,100,1.53453,3.06905,3.58056,0,4.09207,100,100,100,
100,100,0,13.3333,0,0,10,100,100,7.65306,100,100,3.31633,2.29592,2.80612,0,4.08163,100,100,100,
100,100,6.66667,0,0,3.33333,6.66667,100,100,17.0455,100,100,6.81818,1.70455,2.84091,0,3.97727,100,100,100,
100,100,6.66667,0,0,3.33333,6.66667,100,100,15.3061,100,100,7.65306,2.04082,1.53061,0,3.06122,100,100,100,
100,100,23.3333,0,0,0,3.33333,100,100,32.967,100,100,5.49451,1.0989,1.0989,0,6.59341,100,100,100,
100,100,0,0,6.66667,3.33333,3.33333,100,100,7.8534,100,100,3.9267,4.71204,7.06806,1.57068,1.3089,100,100,100,
100,100,3.33333,6.66667,3.33333,3.33333,3.33333,100,100,9.67742,100,100,0.967742,11.2903,6.12903,0.967742,2.58065,100,100,100,
100,100,0,3.33333,3.33333,0,3.33333,100,100,5.75816,100,100,4.9904,3.64683,4.03071,3.07102,1.91939,100,100,100,
100,100,3.33333,10,0,3.33333,10,100,100,8.57143,100,100,2.85714,8.57143,4.28571,1.71429,2.57143,100,100,100,
100,100,0,0,13.3333,6.66667,3.33333,100,100,1.7321,100,100,2.71363,4.61894,5.94688,5.94688,0.923788,100,100,100,
100,100,0,0,13.3333,6.66667,3.33333,100,100,1.74927,100,100,2.91545,4.31487,6.06414,5.77259,0.874636,100,100,100,
100,100,3.33333,3.33333,0,0,10,100,100,1.80614,100,100,2.95003,5.23781,6.3817,6.26129,1.62553,100,100,100,
100,100,3.33333,3.33333,6.66667,3.33333,3.33333,100,100,2.7933,100,100,3.44507,3.72439,7.44879,6.05214,1.30354,100,100,100,
100,100,3.33333,3.33333,6.66667,6.66667,3.33333,100,100,1.91083,100,100,3.3758,5.85987,5.22293,5.41401,1.46497,100,100,100,
100,100,6.66667,0,6.66667,6.66667,3.33333,100,100,2.51467,100,100,4.02347,3.85583,6.37049,4.77787,1.34116,100,100,100,
100,100,0,0,10,0,3.33333,100,100,3.26087,100,100,2.5,5.32609,7.06522,5.1087,1.08696,100,100,100,
100,100,0,3.33333,10,3.33333,10,100,100,2.51256,100,100,4.35511,6.03015,6.36516,6.03015,1.9263,100,100,100,
100,100,0,0,0,3.33333,3.33333,100,100,2.8169,100,100,3.38028,4.78873,7.79343,6.10329,1.40845,100,100,100,
100,100,0,3.33333,6.66667,6.66667,3.33333,100,100,2.51889,100,100,3.02267,6.88497,5.03778,6.29723,1.17548,100,100,100,
100,100,3.33333,0,6.66667,16.6667,6.66667,100,100,2.54237,100,100,2.9661,5.50847,6.77966,5.50847,1.94915,100,100,100,
100,100,0,10,13.3333,3.33333,6.66667,100,100,3.19829,100,100,3.41151,5.86354,5.22388,5.11727,1.70576,100,100,100,
100,100,6.66667,3.33333,6.66667,0,3.33333,100,100,1.59574,100,100,3.67021,5.15957,5.21277,6.91489,1.80851,100,100,100,
100,100,0,0,6.66667,3.33333,3.33333,100,100,2.53593,100,100,4.14201,4.22654,7.52325,4.73373,1.77515,100,100,100,
100,100,0,0,3.33333,0,6.66667,100,100,2.55319,100,100,4.34043,5.53191,6.21277,4.76596,2.12766,100,100,100,
100,100,6.66667,0,6.66667,0,6.66667,100,100,3.70828,100,100,2.71941,3.33745,6.79852,4.07911,1.3597,100,100,100,
100,100,0,3.33333,3.33333,3.33333,3.33333,100,100,3.33333,100,100,3.55556,6.44444,6.55556,4.55556,1,100,100,100,
100,100,6.66667,3.33333,3.33333,0,6.66667,100,100,2.75989,100,100,3.40386,5.24379,5.33579,5.97976,1.37994,100,100,100,
100,100,0,0,6.66667,3.33333,3.33333,100,100,1.81159,100,100,3.32126,2.17391,7.1256,5.01208,0.845411,100,100,100,
100,100,6.66667,0,6.66667,3.33333,3.33333,100,100,1.91693,100,100,3.06709,3.00319,6.32588,5.30351,0.830671,100,100,100,
100,100,0,0,3.33333,3.33333,3.33333,100,100,3.42857,100,100,2.28571,4.8,5.6,4.57143,1.48571,100,100,100,
100,100,0,0,6.66667,0,6.66667,100,100,1.5748,100,100,3.14961,5.24934,7.03412,6.77165,1.25984,100,100,100,
100,100,3.33333,6.66667,13.3333,0,3.33333,100,100,52.6316,100,100,3.50877,1.75439,1.75439,0,5.26316,100,100,100,
100,100,0,3.33333,3.33333,0,3.33333,100,100,4.59418,100,100,2.90965,4.90046,5.51302,1.68453,1.99081,100,100,100,
100,100,3.33333,0,3.33333,3.33333,10,100,100,7.91557,100,100,5.5409,3.69393,9.23483,1.84697,1.31926,100,100,100,
100,100,0,0,0,0,0,100,100,5.80271,100,100,1.16054,5.41586,3.67505,1.35397,0.967118,100,100,100,
100,100,0,0,10,0,0,100,100,3.00903,100,100,0.501505,3.91174,6.61986,0,1.80542,100,100,100,
100,100,0,3.33333,0,0,3.33333,100,100,7.75194,100,100,1.80879,10.5943,2.06718,0.775194,1.03359,100,100,100,
100,100,0,6.66667,0,3.33333,0,100,100,8.92857,100,100,0.595238,5.05952,0.595238,3.27381,0,100,100,100,
100,100,3.33333,3.33333,0,3.33333,6.66667,100,100,4.51128,100,100,1.65414,4.51128,4.06015,3.90977,1.35338,100,100,100,
100,100,6.66667,3.33333,3.33333,6.66667,3.33333,100,100,7.35294,100,100,4.65686,6.37255,7.10784,2.20588,2.20588,100,100,100,
100,100,0,0,6.66667,3.33333,3.33333,100,100,4.86224,100,100,3.56564,6.15883,5.67261,2.59319,2.75527,100,100,100,
100,100,0,0,3.33333,3.33333,6.66667,100,100,4.80769,100,100,3.36538,4.64744,6.73077,2.5641,2.72436,100,100,100,
100,100,0,3.33333,6.66667,3.33333,6.66667,100,100,3.23276,100,100,2.69397,9.91379,7.21983,0.646552,2.90948,100,100,100,
100,100,0,3.33333,6.66667,3.33333,6.66667,100,100,3.58423,100,100,1.91159,8.72162,8.72162,0.716846,3.34528,100,100,100,
100,100,6.66667,3.33333,0,3.33333,13.3333,100,100,3.26442,100,100,2.61153,8.70511,7.94342,0.652884,2.39391,100,100,100,
100,100,3.33333,0,6.66667,6.66667,3.33333,100,100,9.40439,100,100,0.626959,1.5674,5.95611,0.626959,1.25392,100,100,100,
100,100,3.33333,0,6.66667,6.66667,3.33333,100,100,9.46372,100,100,1.89274,0.946372,5.36278,0,1.26183,100,100,100,
100,100,3.33333,0,6.66667,0,3.33333,100,100,4.09836,100,100,3.14208,1.36612,10.1093,3.00546,0.136612,100,100,100,
100,100,3.33333,0,3.33333,6.66667,6.66667,100,100,9.06344,100,100,3.62538,6.64653,6.94864,2.1148,0.302115,100,100,100,
100,100,0,3.33333,3.33333,3.33333,6.66667,100,100,2.54453,100,100,2.62935,6.61578,3.81679,1.61154,1.35708,100,100,100,
100,100,0,3.33333,3.33333,0,6.66667,100,100,2.59965,100,100,1.55979,5.026,7.88562,3.4662,2.07972,100,100,100,
100,100,3.33333,0,3.33333,6.66667,6.66667,100,100,2.6643,100,100,1.95382,2.30906,10.3908,3.37478,1.06572,100,100,100,
100,100,0,0,3.33333,0,0,100,100,36.1446,100,100,0,2.40964,4.81928,0,0,100,100,100,
100,100,3.33333,0,3.33333,0,3.33333,100,100,2.09205,100,100,0.55788,3.9749,4.88145,1.25523,0.83682,100,100,100,
100,100,0,3.33333,0,0,0,100,100,3.44828,100,100,0,1.83908,2.18391,0,0.229885,100,100,100,
100,100,0,0,3.33333,0,0,100,100,500,100,100,0,0,16.6667,0,0,100,100,100,
100,100,0,3.33333,0,0,0,100,100,3.75,100,100,0.125,0.875,1.25,0,0,100,100,100,
100,100,0,0,3.33333,6.66667,3.33333,100,100,2.23547,100,100,0.819672,3.57675,5.36513,0.52161,0.745156,100,100,100,
100,100,0,3.33333,3.33333,3.33333,3.33333,100,100,2.26244,100,100,1.35747,3.61991,5.35445,0.527903,1.05581,100,100,100,
100,100,0,0,6.66667,0,0,100,100,4.69484,100,100,0,0.312989,0.312989,0,0,100,100,100,
100,100,0,0,6.66667,3.33333,3.33333,100,100,2.05198,100,100,0.547196,4.71956,4.65116,1.23119,1.09439,100,100,100,
100,100,0,3.33333,0,0,6.66667,100,100,2.43506,100,100,0.811688,4.46429,4.05844,1.78571,1.46104,100,100,100,
100,100,3.33333,3.33333,0,0,6.66667,100,100,2.08914,100,100,0.97493,4.24791,4.17827,1.53203,1.04457,100,100,100,
100,100,3.33333,0,6.66667,3.33333,3.33333,100,100,1.73511,100,100,0.983227,2.60266,3.58589,1.50376,1.85078,100,100,100,
100,100,0,6.66667,3.33333,0,3.33333,100,100,1.71527,100,100,0.857633,6.28931,4.80274,1.20069,1.20069,100,100,100,
100,100,6.66667,3.33333,6.66667,0,3.33333,100,100,1.83038,100,100,0.854179,5.61318,2.62355,1.22026,1.83038,100,100,100,
100,100,0,0,6.66667,0,3.33333,100,100,1.7311,100,100,0.403924,5.36642,3.05828,1.09636,1.6734,100,100,100,
100,100,0,0,13.3333,0,3.33333,100,100,1.78359,100,100,1.12961,4.8157,4.45898,1.24851,1.42687,100,100,100,
100,100,0,3.33333,6.66667,0,3.33333,100,100,1.82927,100,100,1.15854,5.36585,3.84146,1.46341,1.70732,100,100,100,
100,100,3.33333,3.33333,6.66667,3.33333,6.66667,100,100,1.80723,100,100,1.92771,4.93976,4.09639,1.86747,1.3253,100,100,100,
100,100,0,3.33333,3.33333,3.33333,3.33333,100,100,1.80614,100,100,0.90307,4.75617,2.64901,1.14389,1.74594,100,100,100,
100,100,0,10,0,3.33333,3.33333,100,100,1.80614,100,100,1.02348,5.59904,2.82962,1.20409,1.44491,100,100,100,
100,100,3.33333,3.33333,6.66667,0,3.33333,100,100,1.65746,100,100,0.773481,5.19337,3.81215,0.662983,1.32597,100,100,100,
100,100,0,3.33333,3.33333,0,6.66667,100,100,2.04221,100,100,1.15725,4.08441,4.96937,1.15725,1.49762,100,100,100,
100,100,0,0,10,3.33333,3.33333,100,100,1.74927,100,100,1.34111,5.01458,4.72303,0.641399,0.641399,100,100,100,
100,100,3.33333,0,6.66667,0,3.33333,100,100,3.03337,100,100,1.41557,5.86451,5.7634,1.92113,1.51668,100,100,100,
100,100,0,0,10,3.33333,3.33333,100,100,3.00601,100,100,1.40281,5.41082,5.71142,1.90381,1.002,100,100,100,
100,100,3.33333,3.33333,6.66667,0,10,100,100,2.95567,100,100,1.37931,6.40394,4.63054,1.87192,0.8867,100,100,100,
100,100,3.33333,3.33333,0,0,6.66667,100,100,2.98805,100,100,1.69323,5.07968,7.07171,1.99203,1.39442,100,100,100,
100,100,6.66667,3.33333,6.66667,3.33333,3.33333,100,100,0.965562,100,100,1.28742,4.95655,5.92211,0.869005,1.57708,100,100,100,
100,100,10,3.33333,6.66667,3.33333,3.33333,100,100,0.953289,100,100,1.3346,4.98888,5.94217,0.921513,1.14395,100,100,100,
100,100,0,6.66667,6.66667,3.33333,3.33333,100,100,1.31637,100,100,2.23782,4.34401,6.58183,1.31637,1.62352,100,100,100,
100,100,0,3.33333,0,0,3.33333,100,100,1.16054,100,100,2.24371,6.88588,4.79691,1.39265,2.08897,100,100,100,
100,100,0,3.33333,3.33333,0,3.33333,100,100,1.14943,100,100,2.45211,5.44061,5.70881,1.37931,1.80077,100,100,100,
100,100,3.33333,0,0,10,6.66667,100,100,1.34228,100,100,2.32662,6.30872,5.72707,1.2528,1.92394,100,100,100,
100,100,3.33333,0,16.6667,3.33333,3.33333,100,100,1.02951,100,100,0.926561,3.19149,7.27522,0.549073,0.583391,100,100,100,
100,100,0,0,3.33333,0,3.33333,100,100,4.20168,100,100,1.54062,6.44258,1.68067,0.280112,2.80112,100,100,100,
100,100,0,0,3.33333,3.33333,3.33333,100,100,4.45765,100,100,1.18871,4.16048,2.97177,0.297177,1.18871,100,100,100,
100,100,0,10,10,6.66667,3.33333,100,100,3.367,100,100,0.897868,4.3771,5.72391,1.0101,1.23457,100,100,100,
100,100,0,0,6.66667,0,3.33333,100,100,4.55235,100,100,1.21396,5.76631,3.79363,0.60698,1.51745,100,100,100,
100,100,0,0,6.66667,3.33333,3.33333,100,100,4.58716,100,100,0.611621,4.43425,4.58716,0.764526,0.764526,100,100,100,
100,100,3.33333,0,3.33333,0,6.66667,100,100,4.61538,100,100,1.38462,5.38462,2.76923,0.153846,1.38462,100,100,100,
100,100,0,6.66667,6.66667,0,3.33333,100,100,1.68919,100,100,0.957207,5.85586,3.71622,0.619369,1.29505,100,100,100,
100,100,6.66667,0,6.66667,6.66667,3.33333,100,100,1.7585,100,100,0.996483,4.27902,5.9789,0.7034,1.0551,100,100,100,
100,100,0,0,3.33333,6.66667,3.33333,100,100,0.969619,100,100,0.904977,4.3956,5.81771,0.711054,1.48675,100,100,100,
100,100,3.33333,3.33333,3.33333,0,0,100,100,3.33704,100,100,0.667408,4.89433,6.00667,0.222469,1.11235,100,100,100,
100,100,0,6.66667,0,0,0,100,100,600,100,100,0,0,20,0,0,100,100,100,
100,100,0,0,0,3.33333,3.33333,100,100,5.76923,100,100,1.73077,6.73077,4.23077,1.92308,1.73077,100,100,100,
100,100,0,0,0,6.66667,3.33333,100,100,1.61464,100,100,1.39935,5.16685,4.30571,0.968784,1.34553,100,100,100,
100,100,0,0,10,6.66667,6.66667,100,100,2.20913,100,100,1.84094,3.82916,3.24006,0.589102,2.06186,100,100,100,
100,100,3.33333,0,20,0,3.33333,100,100,2.24383,100,100,1.42109,3.21616,3.59013,0.598355,1.86986,100,100,100,
100,100,3.33333,0,0,3.33333,3.33333,100,100,1.90597,100,100,1.14358,5.52732,4.00254,1.9695,1.58831,100,100,100,
100,100,0,10,10,0,3.33333,100,100,1.91449,100,100,1.53159,3.82897,5.1053,0.957243,2.04212,100,100,100,
100,100,0,10,6.66667,0,3.33333,100,100,2.04778,100,100,1.43345,3.89078,4.7099,0.409556,2.11604,100,100,100,
100,100,0,10,10,0,3.33333,100,100,2.04499,100,100,1.56783,3.88548,4.43081,0.477164,2.18132,100,100,100,
100,100,0,10,10,0,3.33333,100,100,2.08333,100,100,1.31944,3.81944,4.44444,0.625,1.80556,100,100,100,
100,100,0,0,10,6.66667,3.33333,100,100,1.72018,100,100,2.12156,3.26835,4.30046,0.917431,0.917431,100,100,100,
100,100,0,6.66667,6.66667,0,6.66667,100,100,2.69784,100,100,1.43885,6.7446,4.04676,1.25899,1.43885,100,100,100,
100,100,3.33333,0,3.33333,3.33333,6.66667,100,100,3.23625,100,100,1.07875,7.33549,3.99137,1.40237,1.07875,100,100,100,
100,100,0,0,3.33333,3.33333,3.33333,100,100,3.23625,100,100,1.18662,7.11974,4.42287,1.40237,1.2945,100,100,100,
100,100,3.33333,0,0,0,3.33333,100,100,7.71208,100,100,0.771208,6.16967,5.9126,1.28535,1.54242,100,100,100,
100,100,0,0,6.66667,3.33333,6.66667,100,100,1.8797,100,100,1.19048,5.45113,5.2005,1.06516,1.12782,100,100,100,
100,100,0,0,0,3.33333,3.33333,100,100,4.12655,100,100,1.92572,2.75103,6.46492,6.18982,0.962861,100,100,100,
100,100,6.66667,6.66667,10,3.33333,3.33333,100,100,1.7616,100,100,2.29008,4.63887,4.22783,0.704639,1.40928,100,100,100,
100,100,0,0,10,0,3.33333,100,100,1.63934,100,100,1.69399,5.19126,5.35519,0.819672,2.02186,100,100,100,
100,100,0,10,13.3333,3.33333,6.66667,100,100,2.70027,100,100,0.720072,8.10081,4.05041,1.35014,1.26013,100,100,100,
100,100,0,3.33333,23.3333,6.66667,3.33333,100,100,1.71135,100,100,1.59726,6.44609,5.1911,0.741586,1.19795,100,100,100,
100,100,0,0,10,6.66667,6.66667,100,100,1.84275,100,100,1.7199,5.58968,3.99263,0.921376,1.84275,100,100,100,
100,100,0,0,6.66667,0,10,100,100,4.75436,100,100,1.74326,2.85261,6.49762,2.2187,1.58479,100,100,100,
100,100,0,0,16.6667,6.66667,3.33333,100,100,8.08625,100,100,2.96496,5.66038,5.92992,2.42588,2.15633,100,100,100,
100,100,3.33333,10,0,3.33333,10,100,100,0.895255,100,100,2.11877,4.29722,3.34229,1.01462,1.43241,100,100,100,
100,100,0,16.6667,0,3.33333,10,100,100,0.849377,100,100,2.12344,4.86976,2.91619,0.962627,2.01019,100,100,100,
100,100,6.66667,13.3333,0,3.33333,6.66667,100,100,0.891266,100,100,2.16875,4.33749,2.97089,1.0101,1.57457,100,100,100,
100,100,0,3.33333,13.3333,3.33333,6.66667,100,100,3.60577,100,100,2.28365,3.48558,3.125,2.64423,1.44231,100,100,100,
100,100,6.66667,6.66667,0,3.33333,13.3333,100,100,0.901713,100,100,2.43463,4.59874,3.00571,1.052,1.83348,100,100,100,
100,100,0,0,6.66667,10,3.33333,100,100,9.40439,100,100,1.25392,7.52351,5.64263,11.5987,2.82132,100,100,100,
100,100,3.33333,0,3.33333,0,3.33333,100,100,13.9535,100,100,0.465116,4.65116,5.5814,4.65116,0.930233,100,100,100,
100,100,3.33333,3.33333,13.3333,6.66667,0,100,100,26.7857,100,100,2.67857,4.46429,8.03571,5.35714,0.892857,100,100,100,
100,100,0,0,3.33333,3.33333,0,100,100,25.4237,100,100,2.54237,5.9322,5.9322,5.9322,1.69492,100,100,100,
100,100,3.33333,0,0,0,3.33333,100,100,17.5439,100,100,1.75439,2.33918,7.01754,5.84795,4.09357,100,100,100,
100,100,0,0,6.66667,3.33333,3.33333,100,100,0.229533,100,100,0.841622,4.51415,1.81331,0.535578,0.443764,100,100,100,
100,100,0,3.33333,3.33333,3.33333,6.66667,100,100,6.21118,100,100,2.07039,3.93375,4.14079,0.207039,0.828157,100,100,100,
100,100,3.33333,3.33333,3.33333,3.33333,3.33333,100,100,6.34249,100,100,1.47992,2.32558,4.86258,0.211416,0.634249,100,100,100,
100,100,3.33333,10,3.33333,3.33333,3.33333,100,100,2.36035,100,100,1.10149,3.14713,1.02282,0.0786782,0.236035,100,100,100,
100,100,0,6.66667,3.33333,3.33333,6.66667,100,100,3.31858,100,100,2.21239,2.65487,1.10619,0.331858,0.110619,100,100,100,
100,100,0,0,3.33333,0,3.33333,100,100,5.88235,100,100,4.70588,2.94118,7.2549,5.4902,0.784314,100,100,100,
100,100,0,3.33333,3.33333,3.33333,3.33333,100,100,5.6391,100,100,4.13534,3.94737,7.33083,5.26316,0.75188,100,100,100,
100,100,0,10,6.66667,3.33333,3.33333,100,100,4.4843,100,100,2.39163,5.08221,6.27803,2.24215,1.79372,100,100,100,
100,100,0,3.33333,20,6.66667,6.66667,100,100,4.6875,100,100,3.4375,5.15625,6.09375,2.34375,1.5625,100,100,100,
100,100,6.66667,0,3.33333,0,3.33333,100,100,5.73614,100,100,2.48566,9.36902,5.16252,7.26577,1.52964,100,100,100,
100,100,0,0,0,10,10,100,100,5.83658,100,100,1.75097,8.17121,5.64202,7.393,1.36187,100,100,100,
100,100,0,0,13.3333,0,3.33333,100,100,3.03644,100,100,2.53036,4.65587,5.36437,2.93522,2.12551,100,100,100,
100,100,0,6.66667,0,0,10,100,100,10.1695,100,100,0.677966,4.40678,7.79661,8.13559,2.0339,100,100,100,
100,100,0,0,10,3.33333,3.33333,100,100,4.1841,100,100,0,5.29986,0.69735,0.27894,0,100,100,100,
100,100,0,0,3.33333,0,0,100,100,4.16667,100,100,0,4.16667,0.833333,0.277778,0,100,100,100,
100,100,3.33333,0,6.66667,0,3.33333,100,100,3.96825,100,100,0.132275,4.62963,1.32275,0.26455,0,100,100,100,
100,100,3.33333,0,0,0,3.33333,100,100,3.57143,100,100,0,4.52381,1.07143,0.238095,0,100,100,100,
100,100,0,0,6.66667,3.33333,3.33333,100,100,7.24638,100,100,2.17391,3.1401,6.28019,2.17391,2.41546,100,100,100,
100,100,0,3.33333,0,13.3333,3.33333,100,100,7.29927,100,100,1.70316,2.6764,6.81265,2.18978,1.21655,100,100,100,
100,100,0,0,6.66667,10,3.33333,100,100,3.03951,100,100,1.72239,1.51976,7.80142,2.02634,0.911854,100,100,100,
100,100,3.33333,0,13.3333,3.33333,3.33333,100,100,2.93255,100,100,2.15054,5.6696,5.57185,2.05279,1.66178,100,100,100,
100,100,0,0,10,3.33333,3.33333,100,100,2.87356,100,100,2.39464,5.2682,4.69349,2.01149,1.72414,100,100,100,
100,100,0,0,16.6667,3.33333,3.33333,100,100,4.07609,100,100,2.44565,2.58152,8.42391,2.30978,0.679348,100,100,100,
100,100,0,13.3333,6.66667,3.33333,6.66667,100,100,2.69784,100,100,2.78777,4.40647,5.30576,0.539568,1.70863,100,100,100,
100,100,0,6.66667,3.33333,6.66667,6.66667,100,100,2.41158,100,100,1.60772,5.7074,3.93891,0.401929,2.09003,100,100,100,
100,100,0,3.33333,0,0,3.33333,100,100,10.4895,100,100,2.44755,3.14685,6.29371,2.0979,1.3986,100,100,100,
100,100,0,3.33333,0,0,3.33333,100,100,10.274,100,100,2.39726,5.13699,5.13699,2.05479,1.36986,100,100,100,
100,100,3.33333,0,10,10,3.33333,100,100,4.29799,100,100,2.86533,4.58453,5.15759,10.3152,1.43266,100,100,100,
100,100,6.66667,3.33333,6.66667,16.6667,0,100,100,5.28169,100,100,2.11268,2.64085,6.33803,10.3873,0.880282,100,100,100,
100,100,0,0,3.33333,10,6.66667,100,100,4.60829,100,100,3.0722,3.0722,6.75883,10.5991,1.22888,100,100,100,
100,100,0,0,10,0,3.33333,100,100,4.44444,100,100,2.66667,2.51852,6.22222,10.6667,1.03704,100,100,100,
100,100,0,0,3.33333,0,3.33333,100,100,2.59965,100,100,2.85962,2.16638,4.76603,8.75217,0.953206,100,100,100,
100,100,0,0,0,0,6.66667,100,100,2.51889,100,100,2.09908,1.93115,5.28967,8.98405,1.25945,100,100,100,
100,100,0,6.66667,0,3.33333,6.66667,100,100,6.47948,100,100,1.51188,1.94384,5.61555,8.42333,1.94384,100,100,100,
100,100,0,3.33333,6.66667,3.33333,3.33333,100,100,7.31707,100,100,3.41463,3.41463,6.34146,6.82927,1.95122,100,100,100,
100,100,3.33333,0,6.66667,0,3.33333,100,100,1.05597,100,100,1.65435,3.90707,4.54065,12.7068,1.68955,100,100,100,
100,100,0,0,13.3333,6.66667,3.33333,100,100,1.04094,100,100,1.56142,3.29632,4.30257,12.526,2.01249,100,100,100,
100,100,0,0,6.66667,3.33333,6.66667,100,100,1.07953,100,100,2.80677,1.43937,5.72148,12.7744,1.29543,100,100,100,
100,100,0,0,3.33333,6.66667,3.33333,100,100,2.90135,100,100,0.290135,0.580271,1.83752,12.6692,1.83752,100,100,100,
100,100,0,3.33333,0,0,3.33333,100,100,1.22549,100,100,1.96078,3.18627,5.22876,2.53268,1.02124,100,100,100,
100,100,0,6.66667,3.33333,3.33333,3.33333,100,100,1.27334,100,100,2.16469,3.22581,5.26316,2.63158,1.10357,100,100,100,
100,100,0,0,6.66667,3.33333,3.33333,100,100,8.57143,100,100,1.42857,4,5.14286,1.71429,3.71429,100,100,100,
100,100,6.66667,0,0,0,3.33333,100,100,8.67052,100,100,2.60116,2.89017,5.78035,1.7341,1.7341,100,100,100,
100,100,0,0,3.33333,3.33333,3.33333,100,100,4.28571,100,100,2.14286,3.42857,2.85714,0.285714,1.28571,100,100,100,
100,100,6.66667,3.33333,3.33333,3.33333,3.33333,100,100,1.38825,100,100,3.97964,4.85886,4.62749,1.4808,1.71217,100,100,100,
100,100,3.33333,0,10,3.33333,3.33333,100,100,1.42518,100,100,3.51544,3.84798,4.75059,0.712589,1.5677,100,100,100,
100,100,0,0,3.33333,6.66667,6.66667,100,100,1.43335,100,100,3.44004,3.15337,4.53894,0.812231,1.33779,100,100,100,
100,100,0,3.33333,6.66667,0,6.66667,100,100,8.4507,100,100,2.25352,3.09859,5.6338,1.97183,4.50704,100,100,100,
100,100,6.66667,3.33333,16.6667,6.66667,3.33333,100,100,5.11945,100,100,2.38908,7.67918,4.60751,0.853242,1.87713,100,100,100,
100,100,6.66667,3.33333,3.33333,3.33333,3.33333,100,100,3.01205,100,100,1.60643,1.20482,8.93574,0.401606,0.301205,100,100,100,
100,100,3.33333,0,3.33333,3.33333,3.33333,100,100,1.41509,100,100,3.49057,5.23585,8.16038,6.98113,1.69811,100,100,100,
100,100,3.33333,0,0,0,3.33333,100,100,0.535236,100,100,2.19447,4.6744,4.44246,3.21142,1.28457,100,100,100,
100,100,0,0,3.33333,0,10,100,100,0.595829,100,100,2.64151,2.22443,5.87885,2.64151,0.774578,100,100,100,
100,100,0,3.33333,0,0,3.33333,100,100,0.591716,100,100,2.44576,2.50493,5.32544,2.66272,0.86785,100,100,100,
100,100,6.66667,0,6.66667,3.33333,3.33333,100,100,9.20245,100,100,2.14724,5.52147,7.05521,3.06748,0.306748,100,100,100,
100,100,3.33333,3.33333,3.33333,6.66667,3.33333,100,100,9.6463,100,100,2.89389,2.2508,10.9325,3.21543,0,100,100,100,
100,100,0,0,0,0,3.33333,100,100,9.09091,100,100,3.63636,3.0303,8.48485,3.0303,0.30303,100,100,100,
100,100,0,0,3.33333,3.33333,3.33333,100,100,8.06452,100,100,2.68817,2.41935,9.4086,2.68817,0.268817,100,100,100,
100,100,3.33333,0,0,0,0,100,100,6,100,100,0.2,0,2.2,0.8,0,100,100,100,
100,100,3.33333,0,0,0,0,100,100,2.5641,100,100,0.0854701,0,2.13675,1.19658,0.34188,100,100,100,
100,100,0,0,3.33333,0,3.33333,100,100,10.6007,100,100,1.06007,1.41343,8.12721,6.36042,0.353357,100,100,100,
100,100,3.33333,3.33333,6.66667,3.33333,6.66667,100,100,9.28793,100,100,2.78638,4.64396,3.40557,1.85759,1.23839,100,100,100,
100,100,3.33333,0,6.66667,3.33333,6.66667,100,100,9.31677,100,100,2.48447,5.59006,4.96894,1.86335,2.48447,100,100,100,
100,100,0,13.3333,13.3333,0,3.33333,100,100,2.64085,100,100,2.37676,4.48944,4.0493,1.58451,1.14437,100,100,100,
100,100,0,3.33333,10,0,6.66667,100,100,5.53506,100,100,2.02952,2.76753,5.71956,2.76753,1.84502,100,100,100,
100,100,0,3.33333,16.6667,0,3.33333,100,100,6.16016,100,100,0.616016,9.03491,9.24025,0.205339,1.02669,100,100,100,
100,100,0,3.33333,16.6667,0,3.33333,100,100,6.0241,100,100,1.00402,9.03614,9.63855,0.200803,0.401606,100,100,100,
100,100,0,0,10,0,3.33333,100,100,0.982318,100,100,3.11067,4.78062,5.37001,5.33726,1.44073,100,100,100,
100,100,0,0,6.66667,0,3.33333,100,100,0.970246,100,100,2.26391,6.01552,5.10996,5.27167,1.45537,100,100,100,
100,100,0,0,13.3333,0,3.33333,100,100,0.908265,100,100,2.87617,4.63215,5.87345,4.90463,1.30185,100,100,100,
100,100,0,0,6.66667,3.33333,3.33333,100,100,1.67317,100,100,2.45399,5.74456,5.29838,2.50976,1.72895,100,100,100,
100,100,0,3.33333,10,3.33333,3.33333,100,100,0.813449,100,100,3.30803,2.22343,6.29067,5.85683,1.32863,100,100,100,
100,100,3.33333,0,0,3.33333,3.33333,100,100,0.814775,100,100,2.36285,5.37751,3.9924,5.56763,0.733297,100,100,100,
100,100,3.33333,0,6.66667,0,3.33333,100,100,1.70648,100,100,2.38908,5.51763,4.60751,7.16724,0.967008,100,100,100,
100,100,0,0,10,6.66667,3.33333,100,100,1.70843,100,100,2.22096,4.84055,4.84055,7.11845,1.76538,100,100,100,
100,100,0,3.33333,6.66667,3.33333,3.33333,100,100,21.2766,100,100,0.70922,4.96454,4.25532,12.766,0,100,100,100,
100,100,0,3.33333,10,0,3.33333,100,100,1.69396,100,100,3.8961,1.80689,8.52626,7.05816,1.07284,100,100,100,
100,100,3.33333,0,6.66667,10,3.33333,100,100,2.62697,100,100,1.75131,2.62697,9.01926,5.69177,2.36427,100,100,100,
100,100,0,0,6.66667,6.66667,3.33333,100,100,1.66945,100,100,1.94769,5.95437,5.50918,7.23428,1.5025,100,100,100,
100,100,6.66667,3.33333,3.33333,6.66667,3.33333,100,100,1.7331,100,100,3.00404,5.14154,4.73715,7.3368,0.982091,100,100,100,
100,100,3.33333,0,20,0,0,100,100,17.8571,100,100,4.16667,2.97619,11.3095,3.57143,0.595238,100,100,100,
100,100,0,6.66667,3.33333,20,0,100,100,8.10811,100,100,1.35135,7.2973,3.78378,5.40541,1.35135,100,100,100,
100,100,3.33333,0,3.33333,10,6.66667,100,100,1.91939,100,100,1.53551,7.22969,5.43826,6.26999,1.21561,100,100,100,
100,100,3.33333,3.33333,10,3.33333,3.33333,100,100,1.86451,100,100,2.61032,5.59354,5.65569,6.15289,0.559354,100,100,100,
100,100,3.33333,0,16.6667,0,3.33333,100,100,1.89994,100,100,1.64661,5.12983,5.76314,6.33312,1.32996,100,100,100,
100,100,0,0,10,16.6667,3.33333,100,100,2.57954,100,100,2.14961,4.55718,6.79278,5.41702,1.80567,100,100,100,
100,100,3.33333,0,3.33333,0,6.66667,100,100,1.93424,100,100,3.15925,4.0619,6.51193,6.64088,0.902643,100,100,100,
100,100,3.33333,3.33333,0,0,3.33333,100,100,27.5229,100,100,7.33945,1.83486,0,0,0,100,100,100,
100,100,6.66667,6.66667,0,0,6.66667,100,100,33.7079,100,100,4.49438,1.1236,0,0,0,100,100,100,
100,100,0,6.66667,6.66667,6.66667,3.33333,100,100,28.5714,100,100,1.90476,5.71429,2.85714,3.80952,0,100,100,100,
100,100,3.33333,10,0,6.66667,0,100,100,28.8462,100,100,1.92308,5.76923,2.88462,1.92308,0.961538,100,100,100,
100,100,3.33333,6.66667,3.33333,0,0,100,100,107.143,100,100,7.14286,3.57143,7.14286,0,3.57143,100,100,100,
100,100,0,3.33333,10,0,6.66667,100,100,5.71429,100,100,2.09524,3.2381,4.19048,3.04762,1.71429,100,100,100,
100,100,0,0,6.66667,0,6.66667,100,100,5.40541,100,100,1.62162,3.42342,4.86486,2.88288,1.26126,100,100,100,
100,100,0,3.33333,3.33333,0,6.66667,100,100,5.47445,100,100,1.64234,2.55474,4.92701,2.91971,1.45985,100,100,100,
100,100,0,0,3.33333,3.33333,3.33333,100,100,9.43396,100,100,3.45912,6.60377,5.66038,7.54717,0.628931,100,100,100,
100,100,0,0,13.3333,3.33333,3.33333,100,100,1.65563,100,100,2.26269,1.71082,7.11921,9.05077,0.717439,100,100,100,
100,100,0,0,10,0,3.33333,100,100,1.88206,100,100,2.07026,0.752823,8.46926,10.0376,0.564617,100,100,100,
100,100,0,0,6.66667,3.33333,3.33333,100,100,1.83374,100,100,2.26161,0.794621,8.43521,9.77995,0.550122,100,100,100,
100,100,0,0,0,0,3.33333,100,100,9.61538,100,100,2.5641,8.65385,1.92308,1.92308,1.28205,100,100,100,
100,100,0,0,0,3.33333,3.33333,100,100,9.58466,100,100,2.55591,7.02875,1.91693,1.91693,1.27796,100,100,100,
100,100,3.33333,0,10,10,3.33333,100,100,27.2727,100,100,0,2.72727,9.09091,6.36364,0.909091,100,100,100,
100,100,0,0,13.3333,3.33333,0,100,100,6.98492e-007,0,0,0,0,0,0,0,0,0,0,
100,100,16.6667,0,6.66667,6.66667,10,100,100,5.57621,100,100,4.27509,5.94796,5.57621,2.23048,1.30112,100,100,100,
100,100,0,0,3.33333,3.33333,3.33333,100,100,4.57317,100,100,2.43902,4.42073,4.11585,2.7439,2.13415,100,100,100,
100,100,10,3.33333,0,6.66667,10,100,100,7.19424,100,100,5.7554,7.19424,5.27578,2.39808,0.719424,100,100,100,
100,100,0,3.33333,0,3.33333,3.33333,100,100,6.38298,100,100,1.48936,6.38298,6.59574,2.55319,1.06383,100,100,100,
100,100,0,6.66667,3.33333,3.33333,3.33333,100,100,6.06061,100,100,3.63636,9.69697,5.85859,0.20202,1.41414,100,100,100,
100,100,0,6.66667,6.66667,3.33333,3.33333,100,100,7.28155,100,100,0.970874,9.46602,9.70874,0.242718,2.18447,100,100,100,
100,100,0,0,3.33333,0,3.33333,100,100,19.6078,100,100,1.96078,3.26797,5.88235,8.49673,0.653595,100,100,100,
100,100,0,3.33333,3.33333,3.33333,13.3333,100,100,13.2159,100,100,1.76211,4.84581,3.96476,2.20264,0.881057,100,100,100,
100,100,0,3.33333,3.33333,0,3.33333,100,100,20.979,100,100,2.0979,4.1958,8.39161,5.59441,2.0979,100,100,100,
100,100,3.33333,3.33333,6.66667,3.33333,3.33333,100,100,6.26305,100,100,2.50522,8.5595,3.54906,3.9666,2.71399,100,100,100,
100,100,0,6.66667,3.33333,0,3.33333,100,100,11.1524,100,100,1.48699,9.29368,3.34572,2.23048,0.743494,100,100,100,
100,100,0,10,0,0,3.33333,100,100,11.3636,100,100,1.51515,5.68182,5.68182,2.27273,1.51515,100,100,100,
100,100,0,16.6667,3.33333,0,6.66667,100,100,26.7857,100,100,0.892857,20.5357,2.67857,8.92857,0.892857,100,100,100,
100,100,0,0,10,3.33333,3.33333,100,100,6.49351,100,100,3.8961,3.0303,7.79221,0.649351,0.865801,100,100,100,
100,100,10,0,3.33333,3.33333,3.33333,100,100,6.71141,100,100,3.57942,5.14541,6.93512,0.671141,0.671141,100,100,100,
100,100,0,6.66667,0,0,3.33333,100,100,6.81818,100,100,3.18182,7.04545,4.77273,0.681818,2.5,100,100,100,
100,100,0,6.66667,0,10,13.3333,100,100,6.77201,100,100,3.16027,6.77201,5.19187,0.677201,2.0316,100,100,100,
100,100,3.33333,0,3.33333,3.33333,3.33333,100,100,6.78733,100,100,2.71493,7.01357,4.0724,0.678733,2.26244,100,100,100,
100,100,0,0,0,3.33333,0,100,100,6.83371,100,100,2.73349,7.51708,4.7836,0.683371,2.2779,100,100,100,
100,100,6.66667,0,6.66667,0,3.33333,100,100,5.19931,100,100,2.77296,6.7591,5.37262,1.38648,2.42634,100,100,100,
100,100,0,0,16.6667,0,3.33333,100,100,5.2356,100,100,4.01396,2.6178,6.80628,1.04712,1.57068,100,100,100,
100,100,0,10,0,3.33333,3.33333,100,100,6.86499,100,100,2.0595,7.09382,3.89016,0.686499,1.60183,100,100,100,
100,100,0,3.33333,3.33333,0,6.66667,100,100,6.03622,100,100,2.41449,5.23139,5.6338,0.804829,2.21328,100,100,100,
100,100,3.33333,0,3.33333,0,3.33333,100,100,6.91244,100,100,3.45622,4.14747,5.06912,0.921659,2.30415,100,100,100,
100,100,3.33333,0,3.33333,0,3.33333,100,100,6.83371,100,100,1.59453,6.37813,5.23918,1.13895,1.82232,100,100,100,
100,100,0,0,3.33333,0,3.33333,100,100,8.47458,100,100,2.82486,5.9322,4.80226,1.12994,1.9774,100,100,100,
100,100,0,10,3.33333,0,0,100,100,6.98492e-007,0,0,0,0,0,0,0,0,0,0,
100,100,0,3.33333,0,0,6.66667,100,100,6.62252,100,100,3.09051,7.06402,5.07726,0.662252,2.64901,100,100,100,
100,100,0,0,20,0,3.33333,100,100,4.87805,100,100,2.76423,5.52846,7.31707,1.30081,1.46341,100,100,100,
100,100,0,3.33333,13.3333,0,3.33333,100,100,5.6391,100,100,2.44361,3.00752,7.89474,1.12782,1.50376,100,100,100,
100,100,3.33333,3.33333,3.33333,3.33333,3.33333,100,100,12.987,100,100,6.92641,3.8961,2.1645,1.2987,1.7316,100,100,100,
100,100,0,3.33333,6.66667,0,10,100,100,6.21118,100,100,2.89855,7.24638,5.17598,1.24224,2.07039,100,100,100,
100,100,3.33333,0,10,0,3.33333,100,100,6.12245,100,100,2.65306,3.67347,9.59184,1.02041,0.816327,100,100,100,
100,100,3.33333,10,0,0,3.33333,100,100,4.73934,100,100,1.4218,7.74092,3.79147,2.68562,1.57978,100,100,100,
100,100,0,0,3.33333,6.66667,3.33333,100,100,6.69643,100,100,2.45536,6.25,4.46429,0.669643,2.00893,100,100,100,
100,100,0,0,3.33333,6.66667,6.66667,100,100,12.6582,100,100,3.37553,7.173,4.64135,0.421941,2.95359,100,100,100,
100,100,0,0,6.66667,6.66667,6.66667,100,100,12.6582,100,100,3.79747,6.75105,5.06329,0.421941,2.95359,100,100,100,
100,100,3.33333,13.3333,0,0,3.33333,100,100,6.86499,100,100,2.0595,4.11899,5.49199,0.686499,1.60183,100,100,100,
100,100,3.33333,3.33333,6.66667,6.66667,3.33333,100,100,4.45104,100,100,2.22552,3.7092,6.08309,2.52226,0.593472,100,100,100,
100,100,0,0,3.33333,3.33333,3.33333,100,100,4.28571,100,100,2.14286,4.57143,4.57143,2.42857,1,100,100,100,
100,100,0,0,0,0,3.33333,100,100,3.26442,100,100,3.69967,4.24374,6.09358,1.30577,1.52339,100,100,100,
100,100,0,3.33333,0,0,3.33333,100,100,3.28587,100,100,3.72399,4.49069,5.58598,1.20482,2.51917,100,100,100,
100,100,3.33333,6.66667,0,0,3.33333,100,100,9.03614,100,100,2.40964,6.0241,6.92771,7.22892,1.80723,100,100,100,
100,100,0,0,10,0,3.33333,100,100,5.20833,100,100,3.29861,8.50694,6.77083,6.94444,1.21528,100,100,100,
100,100,0,0,0,3.33333,3.33333,100,100,5.45455,100,100,2.54545,2.18182,11.0909,6.90909,0.545455,100,100,100,
100,100,0,0,6.66667,10,3.33333,100,100,5.01672,100,100,4.1806,7.69231,5.01672,7.52508,1.67224,100,100,100,
100,100,0,3.33333,6.66667,3.33333,6.66667,100,100,4.31034,100,100,2.72989,4.02299,9.05172,5.74713,1.86782,100,100,100,
100,100,0,0,6.66667,0,6.66667,100,100,3.93185,100,100,2.62123,6.55308,5.89777,5.24246,1.44168,100,100,100,
100,100,0,0,10,3.33333,3.33333,100,100,2.46508,100,100,2.71159,2.38291,5.66968,4.02629,0.575185,100,100,100,
100,100,0,0,10,0,6.66667,100,100,2.23048,100,100,3.94052,2.23048,5.20446,3.64312,0.446097,100,100,100,
100,100,0,0,6.66667,0,6.66667,100,100,2.185,100,100,4.00583,1.82083,5.82666,3.64166,0.2185,100,100,100,
100,100,0,0,6.66667,0,3.33333,100,100,5.60748,100,100,3.17757,5.98131,6.16822,7.1028,1.30841,100,100,100,
100,100,3.33333,3.33333,16.6667,0,10,100,100,1.16009,100,100,3.13225,5.60712,4.71771,3.67363,2.39753,100,100,100,
100,100,3.33333,3.33333,6.66667,3.33333,6.66667,100,100,6.65188,100,100,1.99557,0.443459,10.643,3.10421,0.443459,100,100,100,
100,100,0,0,6.66667,6.66667,0,100,100,26.7857,100,100,2.67857,1.78571,15.1786,3.57143,0,100,100,100,
100,100,0,0,6.66667,6.66667,3.33333,100,100,7.63359,100,100,4.83461,5.34351,2.29008,2.03562,2.79898,100,100,100,
100,100,0,6.66667,16.6667,0,3.33333,100,100,9.93377,100,100,1.65563,2.31788,6.95364,1.98675,1.3245,100,100,100,
100,100,3.33333,3.33333,0,6.66667,6.66667,100,100,166.667,100,100,0,0,0,0,0,100,100,100,
100,100,3.33333,0,3.33333,0,3.33333,100,100,2.67142,100,100,2.31523,4.63045,4.36331,1.6919,2.13713,100,100,100,
100,100,0,0,10,0,6.66667,100,100,4.23131,100,100,2.53879,4.09027,6.62906,2.11566,1.97461,100,100,100,
100,100,6.66667,0,10,0,3.33333,100,100,0.687916,100,100,3.76061,1.55928,5.89314,4.31094,0.963082,100,100,100,
100,100,6.66667,0,10,0,3.33333,100,100,0.815883,100,100,3.56269,1.95812,5.52081,4.67773,1.19663,100,100,100,
100,100,0,0,3.33333,0,3.33333,100,100,1.28535,100,100,1.45673,1.58526,3.42759,1.45673,0.385604,100,100,100,
100,100,3.33333,0,3.33333,0,3.33333,100,100,1.30265,100,100,1.30265,1.25923,3.64742,1.47634,0.651324,100,100,100,
100,100,0,0,0,3.33333,3.33333,100,100,1.443,100,100,1.9721,1.2025,3.848,1.6354,0.673401,100,100,100,
100,100,3.33333,0,3.33333,0,3.33333,100,100,1.25786,100,100,1.38365,1.174,3.27044,1.42558,0.503145,100,100,100,
100,100,3.33333,0,3.33333,0,3.33333,100,100,1.42721,100,100,1.33206,1.42721,3.66318,1.33206,0.713606,100,100,100,
100,100,0,0,0,0,3.33333,100,100,3.40136,100,100,1.36054,1.92744,7.48299,2.94785,0.453515,100,100,100,
100,100,0,3.33333,0,0,3.33333,100,100,3.517,100,100,1.64127,1.7585,7.3857,3.1653,0.586166,100,100,100,
100,100,0,3.33333,0,0,6.66667,100,100,8.77193,100,100,3.21637,6.72515,4.67836,2.04678,1.46199,100,100,100,
100,100,0,3.33333,0,0,3.33333,100,100,12.3967,100,100,3.30579,5.78512,4.95868,2.06612,1.23967,100,100,100,
100,100,0,6.66667,0,0,6.66667,100,100,9.09091,100,100,2.72727,8.48485,2.72727,1.81818,1.21212,100,100,100,
100,100,0,6.66667,3.33333,6.66667,3.33333,100,100,3.07062,100,100,0.716479,14.6366,7.77892,2.66121,1.94473,100,100,100,
100,100,3.33333,0,6.66667,0,3.33333,100,100,5.1458,100,100,3.43053,4.11664,7.20412,0.686106,0.51458,100,100,100,
100,100,3.33333,0,3.33333,0,6.66667,100,100,3.63636,100,100,3.0303,0.606061,5.69697,4.24242,0.848485,100,100,100,
100,100,6.66667,0,0,0,6.66667,100,100,3.5503,100,100,3.43195,0.946746,6.15385,4.26036,0.591716,100,100,100,
100,100,6.66667,3.33333,3.33333,0,6.66667,100,100,5.57621,100,100,5.01859,2.23048,8.73606,0.929368,0.371747,100,100,100,
100,100,0,3.33333,0,3.33333,3.33333,100,100,3.71287,100,100,2.35149,7.92079,4.33168,1.36139,2.22772,100,100,100,
100,100,0,0,3.33333,3.33333,3.33333,100,100,1.40384,100,100,1.82499,4.91343,4.63266,8.04867,0.795508,100,100,100,
100,100,3.33333,0,10,3.33333,3.33333,100,100,1.04603,100,100,1.11576,4.14923,4.14923,7.18271,0.488145,100,100,100,
100,100,0,0,13.3333,3.33333,3.33333,100,100,8.52273,100,100,3.125,3.97727,7.38636,1.70455,1.42045,100,100,100,
100,100,0,3.33333,0,3.33333,3.33333,100,100,18.0723,100,100,0,6.0241,4.21687,3.01205,3.01205,100,100,100,
100,100,3.33333,0,3.33333,10,0,100,100,250,100,100,0,0,8.33333,25,0,100,100,100,
100,100,0,3.33333,13.3333,6.66667,3.33333,100,100,2.07039,100,100,3.1746,3.03658,7.03934,3.03658,1.5873,100,100,100,
100,100,0,0,10,6.66667,0,100,100,26.5487,100,100,5.30973,1.76991,8.84956,3.53982,3.53982,100,100,100,
100,100,0,0,13.3333,3.33333,3.33333,100,100,0.874126,100,100,2.94289,3.20513,4.39977,3.52564,1.77739,100,100,100,
100,100,3.33333,3.33333,3.33333,3.33333,6.66667,100,100,2.38854,100,100,2.62739,2.30892,5.65287,0.716561,1.99045,100,100,100,
100,100,6.66667,0,0,0,3.33333,100,100,6.98492e-007,0,0,0,0,0,0,0,0,0,0,
100,100,0,0,0,3.33333,6.66667,100,100,2.52313,100,100,2.35492,5.46678,2.77544,0.58873,1.85029,100,100,100,
100,100,3.33333,10,0,6.66667,3.33333,100,100,3.97878,100,100,8.62069,2.78515,8.35544,1.19363,0.397878,100,100,100,
100,100,3.33333,6.66667,0,0,3.33333,100,100,2.72727,100,100,9,4.81818,7.63636,0.454545,0.181818,100,100,100,
100,100,0,0,10,0,3.33333,100,100,10.5634,100,100,3.52113,10.9155,3.52113,5.6338,3.52113,100,100,100,
100,100,0,0,3.33333,10,6.66667,100,100,13.8249,100,100,2.30415,5.06912,4.14747,2.30415,2.30415,100,100,100,
100,100,0,3.33333,3.33333,6.66667,3.33333,100,100,13.6986,100,100,2.28311,3.19635,5.02283,1.82648,3.19635,100,100,100,
100,100,0,3.33333,6.66667,0,6.66667,100,100,8.62069,100,100,0,5.45977,4.5977,2.01149,1.72414,100,100,100,
100,100,6.66667,0,10,0,3.33333,100,100,6.92841,100,100,1.84758,7.85219,6.46651,5.08083,1.38568,100,100,100,
100,100,0,3.33333,0,3.33333,3.33333,100,100,7.19424,100,100,2.8777,9.11271,6.95444,5.27578,0.719424,100,100,100,
100,100,0,0,10,0,3.33333,100,100,3.861,100,100,1.287,6.30631,6.69241,5.92021,3.0888,100,100,100,
100,100,0,3.33333,0,3.33333,3.33333,100,100,9.96678,100,100,1.66113,2.32558,6.64452,2.65781,0.664452,100,100,100,
100,100,0,0,6.66667,3.33333,3.33333,100,100,10.989,100,100,4.3956,7.32601,2.9304,5.12821,1.4652,100,100,100,
100,100,0,13.3333,3.33333,3.33333,3.33333,100,100,12.8205,100,100,3.4188,11.9658,2.99145,7.69231,2.13675,100,100,100,
100,100,3.33333,3.33333,0,3.33333,3.33333,100,100,4.64396,100,100,5.26316,7.89474,6.34675,2.32198,2.01238,100,100,100,
100,100,3.33333,6.66667,3.33333,3.33333,3.33333,100,100,4.73186,100,100,4.73186,6.94006,3.47003,2.2082,1.73502,100,100,100,
100,100,3.33333,3.33333,3.33333,3.33333,3.33333,100,100,4.83871,100,100,3.70968,6.93548,2.74194,2.25806,0.806452,100,100,100,
100,100,6.66667,0,10,0,6.66667,100,100,1.43541,100,100,2.00957,3.7799,4.689,6.69856,0.861244,100,100,100,
100,100,3.33333,0,6.66667,0,6.66667,100,100,1.41176,100,100,1.74118,4.42353,3.85882,6.87059,0.894118,100,100,100,
100,100,0,3.33333,0,3.33333,6.66667,100,100,10.0334,100,100,2.67559,6.02007,3.01003,4.01338,0.668896,100,100,100,
100,100,3.33333,3.33333,6.66667,3.33333,3.33333,100,100,1.68729,100,100,2.19348,3.88076,5.79303,5.2306,0.843645,100,100,100,
100,100,0,6.66667,3.33333,0,6.66667,100,100,1.38185,100,100,1.79641,3.68494,5.34316,4.56011,0.967296,100,100,100,
100,100,0,6.66667,3.33333,0,3.33333,100,100,1.44231,100,100,1.73077,3.41346,5.72115,4.75962,1.20192,100,100,100,
100,100,0,6.66667,6.66667,0,3.33333,100,100,1.74825,100,100,2.03963,3.61305,6.64336,5.76923,0.932401,100,100,100,
100,100,0,0,3.33333,0,10,100,100,2.36407,100,100,2.60047,5.59496,5.27975,2.52167,1.41844,100,100,100,
100,100,0,0,0,0,6.66667,100,100,1.96078,100,100,1.43791,6.79739,5.1634,2.0915,0.915033,100,100,100,
100,100,0,6.66667,0,0,10,100,100,2.25904,100,100,1.88253,2.33434,5.34639,3.08735,1.43072,100,100,100,
100,100,0,0,6.66667,0,6.66667,100,100,0.704391,100,100,2.16013,2.81756,6.97347,2.888,1.17398,100,100,100,
100,100,0,0,3.33333,0,3.33333,100,100,58.8235,100,100,1.96078,3.92157,3.92157,13.7255,0,100,100,100,
100,100,6.66667,0,3.33333,3.33333,13.3333,100,100,3.6452,100,100,2.91616,4.86027,4.37424,1.94411,1.8226,100,100,100,
100,100,0,0,6.66667,0,6.66667,100,100,8.33333,100,100,2.77778,5.55556,7.77778,3.33333,1.94444,100,100,100,
100,100,3.33333,0,0,6.66667,6.66667,100,100,3.03644,100,100,2.73279,3.84615,7.59109,5.87045,1.72065,100,100,100,
100,100,3.33333,0,3.33333,3.33333,3.33333,100,100,7.28155,100,100,2.18447,9.2233,4.36893,5.82524,0.970874,100,100,100,
100,100,0,6.66667,6.66667,3.33333,3.33333,100,100,7.61421,100,100,2.03046,7.1066,3.80711,6.09137,1.26904,100,100,100,
100,100,0,3.33333,0,10,3.33333,100,100,7.38916,100,100,2.46305,6.65025,5.66502,5.91133,1.23153,100,100,100,
100,100,0,0,0,6.66667,10,100,100,16.3043,100,100,2.17391,8.15217,5.97826,5.43478,3.26087,100,100,100,
100,100,0,3.33333,6.66667,3.33333,6.66667,100,100,6.72646,100,100,2.69058,5.8296,6.50224,5.38117,1.34529,100,100,100,
100,100,0,0,3.33333,0,3.33333,100,100,27.5229,100,100,2.75229,7.33945,15.5963,0,1.83486,100,100,100,
100,100,0,0,0,3.33333,3.33333,100,100,28.5714,100,100,2.85714,5.71429,15.2381,0,0.952381,100,100,100,
100,100,0,3.33333,6.66667,0,3.33333,100,100,29.1262,100,100,4.85437,3.8835,16.5049,0,0.970874,100,100,100,
100,100,0,0,6.66667,3.33333,6.66667,100,100,27.7778,100,100,3.7037,5.55556,12.037,0,2.77778,100,100,100,
100,100,3.33333,3.33333,6.66667,3.33333,3.33333,100,100,27.7778,100,100,1.85185,8.33333,11.1111,0,0.925926,100,100,100,
100,100,3.33333,6.66667,13.3333,0,3.33333,100,100,0.896861,100,100,2.15247,3.52765,5.05232,3.91629,0.627803,100,100,100,
100,100,3.33333,0,6.66667,3.33333,10,100,100,5.15464,100,100,3.2646,6.52921,6.87285,6.87285,2.23368,100,100,100,
100,100,10,3.33333,0,0,6.66667,100,100,18.75,100,100,3.125,8.125,8.75,10,3.125,100,100,100,
100,100,10,3.33333,0,0,6.66667,100,100,14.8515,100,100,3.9604,9.90099,9.40594,8.91089,2.9703,100,100,100,
100,100,0,0,6.66667,0,3.33333,100,100,16.9492,100,100,3.9548,3.9548,5.08475,4.51977,2.82486,100,100,100,
100,100,0,3.33333,0,0,13.3333,100,100,4.82315,100,100,1.60772,6.59164,4.82315,1.60772,1.44695,100,100,100,
100,100,3.33333,6.66667,3.33333,0,10,100,100,4.62963,100,100,1.69753,6.48148,5.09259,1.54321,0.925926,100,100,100,
100,100,0,0,10,0,3.33333,100,100,7.22892,100,100,2.40964,1.20482,7.95181,0.481928,0.963855,100,100,100,
100,100,0,0,10,0,6.66667,100,100,7.79221,100,100,2.5974,1.55844,7.01299,0.519481,1.2987,100,100,100,
100,100,0,0,0,10,10,100,100,10.1695,100,100,1.69492,4.74576,7.45763,8.81356,0.677966,100,100,100,
100,100,0,6.66667,10,3.33333,3.33333,100,100,1.07797,100,100,2.8746,3.77291,4.81495,8.37226,1.79662,100,100,100,
100,100,6.66667,0,0,13.3333,3.33333,100,100,9.28793,100,100,2.16718,6.50155,5.88235,7.43034,2.47678,100,100,100,
100,100,6.66667,3.33333,0,10,3.33333,100,100,7.04225,100,100,4.22535,6.80751,7.51174,7.51174,0.469484,100,100,100,
100,100,6.66667,6.66667,6.66667,0,3.33333,100,100,7.28155,100,100,3.8835,4.85437,8.73786,6.79612,1.94175,100,100,100,
100,100,3.33333,0,13.3333,0,3.33333,100,100,7.75194,100,100,4.13437,3.10078,11.1111,6.20155,1.80879,100,100,100,
100,100,3.33333,0,6.66667,3.33333,3.33333,100,100,7.55668,100,100,3.77834,4.78589,9.3199,6.04534,1.25945,100,100,100,
100,100,0,0,10,3.33333,3.33333,100,100,8.35655,100,100,3.89972,4.45682,10.3064,6.68524,1.39276,100,100,100,
100,100,0,6.66667,6.66667,6.66667,0,100,100,36.1446,100,100,3.61446,1.20482,10.8434,8.43373,1.20482,100,100,100,
100,100,3.33333,6.66667,3.33333,13.3333,0,100,100,30.6122,100,100,3.06122,7.14286,13.2653,9.18367,3.06122,100,100,100,
100,100,0,6.66667,0,3.33333,3.33333,100,100,9.25926,100,100,2.77778,8.64198,5.55556,7.40741,3.39506,100,100,100,
100,100,0,0,3.33333,3.33333,3.33333,100,100,9.25926,100,100,2.46914,5.24691,7.09877,6.79012,3.08642,100,100,100,
100,100,0,0,6.66667,3.33333,3.33333,100,100,8.95522,100,100,2.98507,7.46269,6.86567,7.16418,3.28358,100,100,100,
100,100,0,6.66667,13.3333,10,6.66667,100,100,8.28729,100,100,3.59116,6.07735,10.4972,6.35359,2.20994,100,100,100,
100,100,0,3.33333,0,0,3.33333,100,100,8.77193,100,100,2.92398,8.18713,7.60234,7.01754,3.21637,100,100,100,
100,100,0,3.33333,10,6.66667,3.33333,100,100,26.5487,100,100,0.884956,1.76991,14.1593,6.19469,0.884956,100,100,100,
100,100,0,0,0,0,3.33333,100,100,8.82353,100,100,3.82353,2.35294,11.7647,6.76471,1.17647,100,100,100,
100,100,0,3.33333,3.33333,10,0,100,100,15.544,100,100,3.62694,6.21762,10.3627,8.29016,3.10881,100,100,100,
100,100,0,3.33333,3.33333,0,3.33333,100,100,8.79765,100,100,3.22581,3.22581,9.09091,6.74487,0.879765,100,100,100,
100,100,0,0,10,0,3.33333,100,100,8.31025,100,100,3.3241,3.87812,12.1884,7.20222,1.38504,100,100,100,
100,100,0,0,6.66667,3.33333,3.33333,100,100,9.09091,100,100,3.33333,7.87879,7.27273,7.27273,2.42424,100,100,100,
100,100,3.33333,6.66667,3.33333,3.33333,10,100,100,9.31677,100,100,3.41615,5.59006,10.2484,7.14286,2.79503,100,100,100,
100,100,0,0,0,3.33333,3.33333,100,100,9.06344,100,100,2.71903,7.25076,9.06344,7.25076,2.71903,100,100,100,
100,100,3.33333,6.66667,3.33333,6.66667,3.33333,100,100,35.2941,100,100,5.88235,5.88235,12.9412,8.23529,4.70588,100,100,100,
100,100,3.33333,10,3.33333,6.66667,3.33333,100,100,31.9149,100,100,0,7.44681,10.6383,7.44681,1.06383,100,100,100,
100,100,3.33333,0,3.33333,0,3.33333,100,100,9.23077,100,100,4.30769,5.53846,7.07692,7.38462,1.23077,100,100,100,
100,100,0,3.33333,3.33333,0,6.66667,100,100,9.31677,100,100,2.79503,6.52174,7.76398,7.45342,2.48447,100,100,100,
100,100,3.33333,0,3.33333,0,6.66667,100,100,5.89391,100,100,4.71513,5.50098,5.89391,4.71513,3.92927,100,100,100,
100,100,0,13.3333,0,6.66667,6.66667,100,100,29.1262,100,100,3.8835,5.82524,5.82524,6.79612,0.970874,100,100,100,
100,100,0,10,6.66667,6.66667,3.33333,100,100,34.8837,100,100,1.16279,2.32558,13.9535,8.13953,3.48837,100,100,100,
100,100,0,6.66667,6.66667,6.66667,0,100,100,34.8837,100,100,2.32558,6.97674,11.6279,8.13953,2.32558,100,100,100,
100,100,0,10,0,0,10,100,100,8.57143,100,100,2.28571,5.71429,7.14286,6.85714,2.57143,100,100,100,
100,100,6.66667,3.33333,13.3333,6.66667,6.66667,100,100,3.08008,100,100,2.56674,7.70021,6.3655,2.6694,1.64271,100,100,100,
100,100,0,3.33333,3.33333,0,10,100,100,9.00901,100,100,3.003,6.90691,7.20721,7.20721,2.4024,100,100,100,
100,100,0,6.66667,6.66667,6.66667,6.66667,100,100,34.4828,100,100,1.14943,2.29885,6.89655,8.04598,2.29885,100,100,100,
100,100,3.33333,0,3.33333,3.33333,3.33333,100,100,8.95522,100,100,2.98507,2.68657,11.9403,7.16418,1.19403,100,100,100,
100,100,3.33333,6.66667,13.3333,6.66667,3.33333,100,100,34.4828,100,100,2.29885,6.89655,6.89655,8.04598,5.74713,100,100,100,
100,100,0,13.3333,6.66667,6.66667,3.33333,100,100,34.4828,100,100,2.29885,5.74713,8.04598,8.04598,3.44828,100,100,100,
100,100,3.33333,10,10,6.66667,0,100,100,31.25,100,100,4.16667,3.125,10.4167,7.29167,0,100,100,100,
100,100,3.33333,3.33333,13.3333,3.33333,6.66667,100,100,9.40439,100,100,2.19436,7.52351,6.58307,7.52351,1.88088,100,100,100,
100,100,6.66667,6.66667,3.33333,13.3333,0,100,100,28.5714,100,100,2.85714,7.61905,7.61905,8.57143,0.952381,100,100,100,
100,100,0,13.3333,3.33333,6.66667,0,100,100,32.2581,100,100,1.07527,6.45161,13.9785,7.52688,2.15054,100,100,100,
100,100,3.33333,0,0,10,6.66667,100,100,9.11854,100,100,4.25532,6.38298,9.11854,6.68693,2.73556,100,100,100,
100,100,3.33333,0,0,3.33333,10,100,100,9.25926,100,100,1.85185,4.62963,10.1852,6.79012,1.23457,100,100,100,
100,100,6.66667,3.33333,0,6.66667,13.3333,100,100,9.14634,100,100,2.43902,8.23171,8.53659,6.70732,1.21951,100,100,100,
100,100,3.33333,0,0,3.33333,6.66667,100,100,7.53769,100,100,2.76382,8.54271,6.03015,5.52764,1.00503,100,100,100,
100,100,0,0,0,0,10,100,100,10.7527,100,100,1.79211,4.6595,6.45161,7.16846,1.43369,100,100,100,
100,100,0,3.33333,6.66667,6.66667,0,100,100,30.6122,100,100,0,7.14286,6.12245,7.14286,0,100,100,100,
100,100,0,0,6.66667,0,3.33333,100,100,8.95522,100,100,2.98507,5.67164,9.85075,7.16418,0.895522,100,100,100,
100,100,0,0,3.33333,3.33333,3.33333,100,100,9.11854,100,100,2.12766,5.47112,8.81459,7.29483,0.911854,100,100,100,
100,100,3.33333,13.3333,3.33333,6.66667,0,100,100,33.3333,100,100,5.55556,5.55556,5.55556,7.77778,1.11111,100,100,100,
100,100,0,3.33333,13.3333,6.66667,3.33333,100,100,30,100,100,0,4,16,7,1,100,100,100,
100,100,0,6.66667,0,6.66667,6.66667,100,100,6.84932,100,100,4.10959,4.3379,9.58904,5.25114,2.51142,100,100,100,
100,100,0,0,3.33333,0,3.33333,100,100,4.93421,100,100,3.78289,1.64474,5.75658,3.45395,1.15132,100,100,100,
100,100,3.33333,0,6.66667,3.33333,3.33333,100,100,5.05902,100,100,3.70995,2.19224,4.72175,3.54132,0.84317,100,100,100,
100,100,0,3.33333,6.66667,0,3.33333,100,100,4.37318,100,100,3.49854,4.66472,4.22741,2.91545,2.33236,100,100,100,
100,100,0,0,10,3.33333,3.33333,100,100,4.1958,100,100,3.07692,4.47552,4.05594,2.7972,2.93706,100,100,100,
100,100,0,3.33333,13.3333,3.33333,3.33333,100,100,4.39239,100,100,2.78184,4.97804,4.24597,3.07467,1.61054,100,100,100,
100,100,3.33333,3.33333,0,3.33333,0,100,100,4.71698,100,100,3.45912,4.55975,4.08805,3.14465,3.30189,100,100,100,
100,100,0,0,6.66667,6.66667,3.33333,100,100,7.61421,100,100,4.06091,2.03046,6.34518,3.29949,1.01523,100,100,100,
100,100,0,0,0,10,6.66667,100,100,7.57576,100,100,5.05051,3.78788,7.07071,3.28283,1.51515,100,100,100,
100,100,0,0,0,10,3.33333,100,100,7.61421,100,100,3.80711,3.04569,4.82234,3.29949,0.507614,100,100,100,
100,100,0,0,3.33333,10,0,100,100,7.79221,100,100,3.63636,1.81818,7.01299,3.11688,1.2987,100,100,100,
100,100,3.33333,3.33333,0,3.33333,3.33333,100,100,5.55556,100,100,2.96296,4.07407,6.2963,3.7037,0.925926,100,100,100,
100,100,3.33333,3.33333,3.33333,6.66667,3.33333,100,100,5.88235,100,100,2.35294,3.52941,4.70588,4.31373,0.980392,100,100,100,
100,100,0,3.33333,3.33333,6.66667,3.33333,100,100,5.92885,100,100,3.55731,3.35968,5.92885,3.95257,1.18577,100,100,100,
100,100,0,6.66667,0,3.33333,6.66667,100,100,5.88235,100,100,3.33333,2.35294,5.09804,3.92157,0.980392,100,100,100,
100,100,3.33333,0,6.66667,6.66667,3.33333,100,100,5.82524,100,100,2.91262,3.49515,4.85437,3.8835,2.13592,100,100,100,
